{
    "accuracy": 0.9933,
    "precision": 0.9739,
    "recall": 0.997,
    "f1_score": 0.9853,
    "roc_auc": 0.9996,
    "average_precision": 0.9987,
    "confusion_matrix": {
        "true_negative": 1154,
        "false_positive": 9,
        "false_negative": 1,
        "true_positive": 336
    },
    "classification_report": {
        "normal": {
            "precision": 0.9991341991341991,
            "recall": 0.9922613929492692,
            "f1-score": 0.9956859361518551,
            "support": 1163.0
        },
        "fraud": {
            "precision": 0.9739130434782609,
            "recall": 0.9970326409495549,
            "f1-score": 0.9853372434017595,
            "support": 337.0
        },
        "accuracy": 0.9933333333333333,
        "macro avg": {
            "precision": 0.9865236213062301,
            "recall": 0.994647016949412,
            "f1-score": 0.9905115897768073,
            "support": 1500.0
        },
        "weighted avg": {
            "precision": 0.9934678461634984,
            "recall": 0.9933333333333333,
            "f1-score": 0.9933609298473336,
            "support": 1500.0
        }
    }
}